{
  "author": "Terry Moore II",
  "name": "angular-wysiwyg",
  "description": "Angular WYSIWYG",
  "version": "1.2.4",
  "homepage": "https://github.com/TerryMooreII/angular-wysiwyg",
  "main": "./dist/angular-wysiwyg.min.js",
  "dependencies": {
    "angular": ">= 1.0.0",
    "angular-bootstrap-colorpicker": ">= 3.0.0",
    "jquery": "~2.1.3"
  },
  "_release": "1.2.4",
  "_resolution": {
    "type": "version",
    "tag": "v1.2.4",
    "commit": "d27adacba386639c6081f20d0ad5ccc8107e589e"
  },
  "_source": "git://github.com/TerryMooreII/angular-wysiwyg.git",
  "_target": "~1.2.4",
  "_originalSource": "angular-wysiwyg",
  "_direct": true
}