{
  "name": "ng-file-upload-shim",
  "main": "ng-file-upload-shim.js",
  "homepage": "https://github.com/danialfarid/ng-file-upload",
  "dependencies": {
    "angular": ">1.2.0",
    "ng-file-upload": ">6.0.3"
  },
  "authors": [
    "danialf <danial.farid@gmail.com>"
  ],
  "description": "shim for ng-file-upload for non html5 browsers IE8-9",
  "ignore": [],
  "license": "MIT",
  "version": "9.1.1",
  "_release": "9.1.1",
  "_resolution": {
    "type": "version",
    "tag": "9.1.1",
    "commit": "0bcf56acf7c7fe611c224ee709b5b339b21e0fdd"
  },
  "_source": "git://github.com/danialfarid/angular-file-upload-shim-bower.git",
  "_target": "9.1.1",
  "_originalSource": "ng-file-upload-shim"
}