{
  "name": "angular-loading-bar",
  "main": [
    "build/loading-bar.js",
    "build/loading-bar.css"
  ],
  "ignore": [
    "**/.*",
    "node_modules",
    "components",
    "test",
    "example"
  ],
  "dependencies": {
    "angular": "^1.2.9"
  },
  "devDependencies": {
    "angular": "~1.2.23",
    "angular-1.3": "angular#1.3",
    "angular-mocks": "~1.2.9",
    "angular-mocks-1.3": "angular-mocks#1.3",
    "angular-animate": "~1.2.9",
    "angular-animate-1.3": "angular-animate#1.3"
  },
  "resolutions": {
    "angular": "~1.2.23"
  },
  "homepage": "https://github.com/chieffancypants/angular-loading-bar",
  "version": "0.8.0",
  "_release": "0.8.0",
  "_resolution": {
    "type": "version",
    "tag": "0.8.0",
    "commit": "2582b44eca8c515635d1f667842a0e5b79fab405"
  },
  "_source": "git://github.com/chieffancypants/angular-loading-bar.git",
  "_target": "0.8.0",
  "_originalSource": "angular-loading-bar"
}