{
  "name": "ng-file-upload",
  "main": "ng-file-upload.js",
  "homepage": "https://github.com/danialfarid/ng-file-upload",
  "dependencies": {
    "angular": ">1.2.0"
  },
  "authors": [
    "danialf <danial.farid@gmail.com>"
  ],
  "description": "Lightweight Angular JS directive to upload files. Support drag&drop, paste image, progress and abort",
  "ignore": [],
  "license": "MIT",
  "version": "9.1.2",
  "_release": "9.1.2",
  "_resolution": {
    "type": "version",
    "tag": "9.1.2",
    "commit": "f6a4e7d3740c648000f38889b580f73cb73f75a7"
  },
  "_source": "git://github.com/danialfarid/angular-file-upload-bower.git",
  "_target": ">6.0.3",
  "_originalSource": "ng-file-upload"
}