{
  "name": "angular-bootstrap-colorpicker",
  "version": "3.0.19",
  "main": [
    "js/bootstrap-colorpicker-module.js",
    "css/colorpicker.css"
  ],
  "ignore": [
    "node_modules",
    "components",
    "bower_components",
    "test",
    "tests"
  ],
  "homepage": "https://github.com/buberdds/angular-bootstrap-colorpicker",
  "_release": "3.0.19",
  "_resolution": {
    "type": "version",
    "tag": "v3.0.19",
    "commit": "4cdbd1ae15db4123641f8f636e1b64a269d75b58"
  },
  "_source": "git://github.com/buberdds/angular-bootstrap-colorpicker.git",
  "_target": ">= 3.0.0",
  "_originalSource": "angular-bootstrap-colorpicker"
}