{
  "name": "angularUtils-pagination",
  "version": "0.8.4",
  "homepage": "https://github.com/michaelbromley/angularUtils/tree/master/src/directives/pagination",
  "authors": [
    "Michael Bromley <michael@michaelbromley.co.uk>"
  ],
  "description": "Magical automatic pagination for anything in AngularJS",
  "main": [
    "dirPagination.js",
    "dirPagination.tpl.html"
  ],
  "moduleType": [
    "globals"
  ],
  "dependencies": {
    "angular": ">=1.1.4"
  },
  "keywords": [
    "angularjs",
    "pagination",
    "directive",
    "paging",
    "angular"
  ],
  "license": "MIT",
  "ignore": [
    "**/.*",
    "node_modules",
    "bower_components",
    "test",
    "tests"
  ],
  "_release": "0.8.4",
  "_resolution": {
    "type": "version",
    "tag": "v0.8.4",
    "commit": "79513cd31132bf04ae5305acf21a97550d609b03"
  },
  "_source": "git://github.com/michaelbromley/angularUtils-pagination.git",
  "_target": "0.8.4",
  "_originalSource": "angular-utils-pagination"
}