{
  "name": "ng-csv",
  "version": "0.3.6",
  "main": "build/ng-csv.min.js",
  "dependencies": {
    "angular": "~1",
    "angular-sanitize": "~1"
  },
  "devDependencies": {
    "angular-mocks": "~1",
    "angular-scenario": "~1"
  },
  "homepage": "https://github.com/asafdav/ng-csv",
  "_release": "0.3.6",
  "_resolution": {
    "type": "version",
    "tag": "v0.3.6",
    "commit": "6ad5e86785cbc585824268ba065b8a37e7526458"
  },
  "_source": "git://github.com/asafdav/ng-csv.git",
  "_target": "~0.3.6",
  "_originalSource": "ng-csv",
  "_direct": true
}