{
  "name": "Angular-swx-session-storage ($sessionStorage)",
  "version": "0.0.8",
  "authors": [
    "Paul Massey, paul.massey@scriptwerx.io, http://www.scriptwerx.io"
  ],
  "description": "Provides a key-value (string-object) session storage with expiry option (in minutes).",
  "keywords": [
    "AngularJS",
    "Angular",
    "Angular Session Storage",
    "$sessionStorage",
    "Angular Storage",
    "Session Storage",
    "JavaScript",
    "Component",
    "Components",
    "Scriptwerx",
    "Genoveus"
  ],
  "license": "http://opensource.org/licenses/MIT",
  "homepage": "https://github.com/scriptwerx/angular-swx-session-storage",
  "ignore": [
    ".jshintrc",
    ".travis.yml",
    ".gitignore",
    "package.json",
    "gulpfile.js",
    "angular-swx-session-storage.iml",
    "**/*.md",
    "bin",
    "docs",
    "src",
    "lib",
    "test",
    "node_modules",
    "bower_components"
  ],
  "main": [
    "./release/swx-session-storage.js",
    "./release/swx-session-storage.min.js",
    "./release/swx-session-storage.min.js.map"
  ],
  "dependencies": {
    "angular": ">=1 <1.4.0"
  },
  "devDependencies": {
    "angular-mocks": ">=1 <1.4.0"
  },
  "_release": "0.0.8",
  "_resolution": {
    "type": "version",
    "tag": "v0.0.8",
    "commit": "2f04f51b339a47f179d626dcba2339aa681e4d2c"
  },
  "_source": "git://github.com/scriptwerx/angular-swx-session-storage.git",
  "_target": "~0.0.8",
  "_originalSource": "angular-swx-session-storage"
}